{"stat.pickup.mmorpg.chest/chest0":1,"stat.useItem.minecraft.bow":10,"stat.pickup.mmorpg.chest/chest1":10,"stat.pickup.mmorpg.chest/chest4":2,"stat.useItem.mmorpg.bow/bow1":23,"stat.useItem.mmorpg.bow/bow0":26,"stat.pickup.minecraft.wooden_slab":4,"stat.leaveGame":20,"stat.drop.minecraft.gunpowder":3,"stat.drop.minecraft.feather":1,"stat.mineBlock.gravestone.gravestone":8,"stat.useItem.mmorpg.hammer/hammer0":266,"stat.useItem.mmorpg.hammer/hammer4":1,"stat.pickup.minecraft.rotten_flesh":243,"stat.pickup.mmorpg.axe/axe0":6,"stat.killEntity.Donkey":3,"stat.craftItem.minecraft.stone_axe":1,"stat.pickup.minecraft.bucket":2,"stat.killEntity.Enderman":6,"stat.mineBlock.minecraft.wooden_slab":2,"stat.pickup.minecraft.brown_mushroom":2,"stat.killEntity.Witch":5,"stat.drop.minecraft.sand":30,"stat.pickup.mmorpg.staff/staff0":7,"stat.pickup.mmorpg.staff/staff1":10,"stat.pickup.mmorpg.staff/staff3":1,"stat.pickup.chisel.chisel_iron":1,"stat.drop.minecraft.gold_ingot":3,"stat.pickup.mmorpg.axe/axe4":5,"stat.pickup.mmorpg.axe/axe1":4,"stat.pickup.mmorpg.runes/dos0":3,"stat.useItem.minecraft.iron_pickaxe":2044,"stat.craftItem.minecraft.wooden_pickaxe":1,"stat.pickup.mmorpg.runes/mos0":2,"stat.pickup.minecraft.double_plant":3,"stat.pickup.mmorpg.runes/mos1":1,"stat.craftItem.minecraft.bed":3,"stat.furnaceInteraction":111,"stat.killEntity.ZombieVillager":17,"stat.pickup.mmorpg.runes/rah0":2,"stat.pickup.minecraft.beef":68,"stat.pickup.minecraft.emerald":1,"stat.pickup.securitycraft.universal_block_reinforcer_lvl1":1,"stat.useItem.minecraft.dye":1,"stat.deaths":6,"stat.pickup.minecraft.egg":7,"stat.craftItem.minecraft.iron_pickaxe":7,"stat.mineBlock.minecraft.tallgrass":197,"stat.pickup.minecraft.cooked_mutton":1,"stat.chestOpened":172,"stat.useItem.minecraft.stone":4,"stat.pickup.minecraft.arrow":312,"stat.pickup.securitycraft.keypad_frame":1,"stat.pickup.minecraft.iron_sword":1,"stat.pickup.mmorpg.spell_poison_nova":6,"stat.drop.minecraft.iron_pickaxe":1,"stat.pickup.mmorpg.spell_thunder_nova":1,"stat.pickup.minecraft.carrot":2,"stat.crouchOneCm":165325,"stat.mineBlock.minecraft.chest":2,"stat.craftItem.minecraft.iron_ingot":27,"stat.drop.mmorpg.spell_poison_nova":2,"stat.drop.minecraft.slime_ball":1,"stat.craftingTableInteraction":85,"stat.pickup.minecraft.wooden_pickaxe":1,"stat.pickup.minecraft.dye":98,"stat.pickup.minecraft.planks":95,"stat.craftItem.minecraft.diamond_shovel":2,"stat.pickup.minecraft.wheat_seeds":48,"stat.pickup.chisel.cobblestone":1,"stat.drop.mmorpg.staff/staff0":1,"stat.drop.mmorpg.staff/staff3":1,"stat.mineBlock.minecraft.dirt":1128,"stat.drop.minecraft.rotten_flesh":11,"stat.drop.minecraft.porkchop":3,"stat.useItem.minecraft.cobblestone":1250,"stat.drop.securitycraft.keypad_frame":1,"stat.pickup.mmorpg.small_currency_lootbox_0":1,"stat.mineBlock.minecraft.double_plant":8,"stat.drop.minecraft.chicken":3,"stat.pickup.minecraft.iron_pickaxe":8,"stat.craftItem.minecraft.gold_ingot":9,"stat.pickup.minecraft.chicken":7,"stat.craftItem.chisel.chisel_iron":1,"stat.pickup.minecraft.apple":3,"stat.pickup.mmorpg.spell_acid_bomb":3,"stat.craftItem.minecraft.bucket":2,"stat.craftItem.minecraft.planks":392,"stat.drop.mmorpg.necklace/necklace0":2,"stat.mineBlock.minecraft.log":137,"stat.pickup.packedup.basicbackpack":4,"stat.pickup.minecraft.red_flower":14,"stat.pickup.minecraft.wool":22,"stat.drop.packedup.goldbackpack":2,"stat.pickup.mmorpg.boots/boots0":5,"stat.pickup.mmorpg.boots/boots2":5,"stat.useItem.minecraft.iron_axe":151,"stat.pickup.mmorpg.hammer/hammer4":3,"stat.mineBlock.minecraft.cobblestone":190,"stat.pickup.mmorpg.hammer/hammer3":2,"stat.pickup.minecraft.stone_pickaxe":3,"stat.mineBlock.minecraft.yellow_flower":2,"stat.mineBlock.chisel.cobblestone1":1,"stat.drop.minecraft.cobblestone":143,"stat.pickup.minecraft.cooked_porkchop":24,"stat.useItem.minecraft.stone_slab2":103,"stat.pickup.minecraft.bow":7,"stat.pickup.mmorpg.necklace/necklace3":1,"stat.pickup.mmorpg.necklace/necklace1":7,"stat.pickup.mmorpg.necklace/necklace2":2,"stat.mineBlock.chisel.cobblestone":1,"stat.craftItem.minecraft.furnace":4,"stat.pickup.mmorpg.necklace/necklace0":8,"stat.useItem.minecraft.egg":4,"stat.craftItem.minecraft.cooked_beef":28,"stat.pickup.mmorpg.helmet/helmet4":5,"stat.flyOneCm":2934900,"stat.pickup.mmorpg.helmet/helmet1":9,"stat.pickup.mmorpg.helmet/helmet0":1,"stat.pickup.mmorpg.shields/normal_shield1":8,"stat.pickup.mmorpg.shields/normal_shield0":3,"stat.mineBlock.mmorpg.ore_block2":23,"stat.mineBlock.mmorpg.ore_block3":9,"stat.drop.mmorpg.bow/bow1":2,"stat.pickup.mmorpg.shields/normal_shield5":2,"stat.timeSinceDeath":17131,"stat.drop.mmorpg.bow/bow0":1,"stat.drop.minecraft.spider_eye":7,"stat.useItem.minecraft.wooden_slab":6,"stat.mineBlock.mmorpg.ore_block0":24,"stat.mineBlock.mmorpg.ore_block1":38,"stat.killEntity.Bat":1,"stat.pickup.mmorpg.spell_firebolt":2,"stat.mineBlock.minecraft.coal_ore":22,"stat.drop.minecraft.wool":1,"stat.killEntity.Creeper":70,"stat.talkedToVillager":1,"stat.pickup.minecraft.string":65,"stat.craftItem.packedup.basicbackpack":2,"stat.mineBlock.minecraft.ladder":6,"stat.drop.minecraft.oak_stairs":59,"stat.killEntity.Squid":1,"stat.sprintOneCm":1675154,"stat.useItem.minecraft.diamond_shovel":1126,"stat.drop.minecraft.leather":2,"stat.mineBlock.minecraft.diamond_ore":10,"stat.useItem.minecraft.snowball":96,"stat.pickup.mmorpg.spell_lightningexplosion":1,"stat.pickup.mmorpg.runes/xah1":1,"stat.pickup.minecraft.sugar":1,"stat.useItem.minecraft.ladder":16,"stat.killEntity.Zombie":176,"stat.pickup.minecraft.snowball":229,"stat.craftItem.minecraft.dye":3,"stat.mineBlock.minecraft.gold_ore":49,"stat.diveOneCm":168214,"stat.craftItem.minecraft.ladder":18,"stat.drop.mmorpg.orb_of_transmutation":1,"stat.pickup.minecraft.sign":1,"stat.craftItem.minecraft.cooked_porkchop":35,"stat.drop.minecraft.ladder":12,"stat.pickup.minecraft.stone_axe":1,"stat.pickup.mmorpg.spell_fire_nova":3,"stat.useItem.minecraft.rotten_flesh":7,"stat.pickup.mmorpg.sword/sword3":2,"stat.drop.minecraft.apple":1,"stat.pickup.mmorpg.sword/sword4":4,"stat.pickup.mmorpg.sword/sword1":4,"stat.pickup.mmorpg.sword/sword2":2,"stat.jump":17403,"stat.pickup.mmorpg.sword/sword0":1,"stat.pickup.minecraft.coal":107,"stat.pickup.minecraft.iron_ingot":23,"stat.pickup.mmorpg.charm/charm0":1,"stat.pickup.mmorpg.charm/charm2":1,"stat.craftItem.securitycraft.iron_mine":1,"stat.pickup.minecraft.gunpowder":106,"stat.craftItem.minecraft.torch":20,"stat.pickup.minecraft.dirt":1504,"stat.pickup.mmorpg.randomize_prefix":2,"stat.pickup.mmorpg.pants/pants1":4,"stat.pickup.mmorpg.pants/pants2":1,"stat.pickup.mmorpg.pants/pants0":2,"stat.pickup.minecraft.gold_ore":115,"stat.mineBlock.minecraft.lapis_ore":8,"stat.pickup.minecraft.iron_axe":6,"stat.damageTaken":14463,"stat.mineBlock.minecraft.red_flower":1,"stat.mineBlock.minecraft.torch":7,"stat.mineBlock.minecraft.sapling":1,"stat.pickup.minecraft.bed":4,"stat.drop.chisel.cobblestone":1,"stat.pickup.mmorpg.bow/bow0":9,"stat.drop.mmorpg.axe/axe1":2,"stat.drop.mmorpg.axe/axe0":2,"stat.pickup.mmorpg.bow/bow3":1,"stat.pickup.mmorpg.bow/bow1":5,"stat.drop.mmorpg.spell_self_regen":1,"stat.useItem.minecraft.chest":4,"stat.drop.mmorpg.runes/mos1":1,"stat.useItem.minecraft.lava_bucket":1,"stat.drop.patchouli.guide_book":2,"stat.pickup.mmorpg.spell_thunder_bomb":2,"stat.pickup.minecraft.ender_pearl":4,"stat.drop.minecraft.wooden_slab":4,"stat.pickup.minecraft.cooked_beef":24,"stat.pickup.minecraft.ladder":12,"stat.mobKills":569,"stat.pickup.minecraft.diamond":10,"stat.pickup.mmorpg.spell_acidexplosion":6,"stat.pickup.minecraft.torch":17,"stat.pickup.minecraft.spruce_boat":1,"stat.pickup.mmorpg.hammer/hammer0":3,"stat.drop.minecraft.stone_axe":1,"stat.drop.minecraft.mutton":1,"stat.pickup.mmorpg.runes/goh1":1,"stat.craftItem.minecraft.iron_axe":2,"stat.pickup.gravestone.death_info":18,"stat.useItem.minecraft.planks":61,"stat.pickup.minecraft.glowstone_dust":14,"stat.pickup.mmorpg.spell_frost_nova":3,"stat.pickup.minecraft.porkchop":94,"stat.useItem.minecraft.water_bucket":83,"stat.pickup.minecraft.sand":32,"stat.pickup.chisel.cobblestone1":1,"stat.drop.mmorpg.sword/sword4":1,"stat.useItem.minecraft.ender_pearl":2,"stat.mineBlock.minecraft.snow_layer":67,"stat.mineBlock.minecraft.sand":31,"stat.pickup.mmorpg.spell_ice_bomb":8,"stat.drop.mmorpg.sword/sword1":2,"stat.pickup.patchouli.guide_book":2,"stat.drop.minecraft.diamond":8,"stat.drop.gravestone.death_info":3,"stat.useItem.minecraft.oak_stairs":37,"stat.pickup.mmorpg.spell_fire_bomb":1,"stat.pickup.minecraft.furnace":13,"stat.useItem.minecraft.cooked_mutton":1,"stat.useItem.minecraft.redstone":4,"stat.pickup.mmorpg.randomize_suffix":2,"stat.killEntity.Horse":1,"stat.drop.mmorpg.shields/normal_shield0":2,"stat.drop.mmorpg.shields/normal_shield1":1,"stat.drop.minecraft.snowball":1,"stat.mineBlock.minecraft.oak_stairs":5,"stat.playOneMinute":958150,"stat.drop.minecraft.string":6,"stat.drop.securitycraft.universal_block_reinforcer_lvl1":1,"stat.mineBlock.minecraft.ice":1,"stat.craftItem.minecraft.iron_hoe":1,"stat.pickup.minecraft.cooked_chicken":1,"stat.fallOneCm":396826,"stat.drop.minecraft.stone":12,"stat.craftItem.minecraft.chest":8,"stat.drop.mmorpg.ore0":2,"stat.drop.mmorpg.spell_acidbolt":1,"stat.drop.securitycraft.dirt_mine":1,"stat.pickup.minecraft.feather":3,"stat.craftItem.minecraft.wooden_button":1,"stat.useItem.minecraft.furnace":3,"stat.killEntity.Llama":1,"stat.useItem.minecraft.stone_pickaxe":94,"stat.pickup.mmorpg.spell_frostexplosion":2,"stat.craftItem.minecraft.oak_stairs":64,"stat.pickup.mmorpg.spell_acidbolt":2,"stat.drop.minecraft.stick":4,"stat.craftItem.securitycraft.dirt_mine":1,"stat.pickup.securitycraft.dirt_mine":1,"stat.useItem.minecraft.torch":19,"stat.drop.mmorpg.runes/voh0":1,"stat.craftItem.minecraft.redstone_block":7,"stat.pickup.minecraft.crafting_table":23,"stat.useItem.minecraft.log":8,"stat.craftItem.minecraft.crafting_table":5,"stat.pickup.minecraft.iron_hoe":1,"stat.mineBlock.minecraft.emerald_ore":1,"stat.pickup.minecraft.log":175,"stat.drop.mmorpg.spell_thunder_bomb":1,"stat.drop.minecraft.planks":2,"stat.pickup.mmorpg.spell_thunderbolt":1,"stat.pickup.minecraft.sapling":4,"stat.drop.minecraft.bow":2,"stat.sneakTime":59614,"stat.drop.minecraft.bucket":1,"stat.pickup.minecraft.yellow_flower":4,"stat.pickup.minecraft.chest":2,"stat.drop.minecraft.stone_pickaxe":3,"stat.pickup.minecraft.bone":216,"stat.craftItem.packedup.ironbackpack":1,"stat.horseOneCm":6208,"stat.drop.minecraft.glowstone_dust":6,"stat.swimOneCm":133536,"stat.climbOneCm":22804,"stat.craftItem.securitycraft.mine":3,"stat.useItem.minecraft.dirt":462,"stat.useItem.minecraft.red_flower":11,"stat.useItem.minecraft.iron_ore":1,"stat.craftItem.minecraft.stone_pickaxe":2,"stat.pickup.minecraft.cobblestone":2007,"stat.drop.chisel.chisel_iron":2,"stat.drop.minecraft.wheat_seeds":6,"stat.useItem.minecraft.cooked_beef":39,"stat.craftItem.minecraft.wooden_slab":6,"stat.pickup.mmorpg.ring/ring4":1,"stat.pickup.minecraft.redstone":190,"stat.mineBlock.minecraft.iron_ore":67,"stat.pickup.mmorpg.ore1":44,"stat.pickup.mmorpg.ore0":28,"stat.pickup.mmorpg.ore3":14,"stat.pickup.minecraft.mutton":27,"stat.pickup.mmorpg.ore2":23,"stat.pickup.mmorpg.runes/voh0":1,"stat.pickup.packedup.obsidianbackpack":1,"stat.pickup.mmorpg.ring/ring0":7,"stat.pickup.mmorpg.ring/ring2":6,"stat.pickup.mmorpg.ring/ring1":4,"stat.useItem.mmorpg.staff/staff0":86,"stat.drop.minecraft.dirt":2,"stat.useItem.minecraft.cooked_porkchop":15,"stat.useItem.mmorpg.staff/staff1":129,"stat.pickup.minecraft.diamond_shovel":1,"stat.craftItem.minecraft.stone_slab2":0,"stat.drop.mmorpg.spell_acidexplosion":1,"stat.craftItem.minecraft.stick":116,"stat.pickup.minecraft.grass":3,"stat.mineBlock.minecraft.crafting_table":16,"stat.drop.mmorpg.spell_acid_bomb":2,"stat.useItem.minecraft.bucket":86,"stat.mineBlock.minecraft.planks":18,"stat.drop":156,"stat.pickup.securitycraft.mine":3,"stat.killEntity.Sheep":19,"stat.pickup.minecraft.slime_ball":2,"stat.pickup.mmorpg.bracelet/bracelet0":8,"stat.drop.minecraft.redstone_block":7,"stat.pickup.mmorpg.bracelet/bracelet1":2,"stat.drop.mmorpg.hammer/hammer1":1,"stat.pickup.packedup.goldbackpack":5,"stat.pickup.mmorpg.orb_of_transmutation":1,"stat.drop.minecraft.wooden_pickaxe":1,"stat.pickup.minecraft.gravel":16,"stat.pickup.mmorpg.bracelet/bracelet3":3,"stat.drop.minecraft.cooked_beef":11,"stat.killEntity.Slime":2,"stat.mineBlock.minecraft.deadbush":1,"stat.drop.minecraft.spruce_boat":1,"stat.useItem.minecraft.porkchop":4,"stat.useItem.mmorpg.axe/axe4":32,"stat.useItem.mmorpg.axe/axe1":101,"stat.useItem.mmorpg.axe/axe0":16,"stat.useItem.mmorpg.sword/sword3":4,"stat.useItem.mmorpg.sword/sword1":136,"stat.useItem.mmorpg.sword/sword2":31,"stat.pickup.mmorpg.runes/ano0":2,"stat.useItem.mmorpg.sword/sword0":394,"stat.useItem.minecraft.stone_axe":30,"stat.pickup.minecraft.spider_eye":23,"stat.drop.minecraft.bed":3,"stat.useItem.minecraft.cooked_chicken":1,"stat.pickup.minecraft.iron_ore":108,"stat.boatOneCm":140938,"stat.pickup.mmorpg.spell_instantheal":9,"stat.pickup.minecraft.leather":61,"stat.drop.minecraft.iron_hoe":1,"stat.mineBlock.minecraft.furnace":10,"stat.useItem.minecraft.wooden_pickaxe":9,"stat.drop.minecraft.water_bucket":2,"stat.pickup.minecraft.oak_stairs":302,"stat.damageDealt":21832,"stat.sleepInBed":25,"stat.killEntity.Cow":33,"stat.useItem.minecraft.crafting_table":2,"stat.killEntity.Pig":40,"stat.walkOneCm":2653856,"stat.playerKills":10,"stat.pickup.minecraft.stick":14,"stat.pickup.mmorpg.spell_self_regen":9,"stat.pickup.mmorpg.spell_frostbolt":4,"stat.pickup.minecraft.stone":28,"stat.killEntity.Skeleton":128,"stat.killEntity.Chicken":12,"stat.killEntity.Spider":47,"stat.pickup.minecraft.bread":1,"stat.pickup.minecraft.water_bucket":6,"stat.mineBlock.minecraft.leaves":4,"stat.mineBlock.minecraft.redstone_ore":41,"stat.mineBlock.minecraft.stone":1624}