{"stat.pickup.mmorpg.chest/chest0":5,"stat.pickup.mmorpg.chest/chest2":11,"stat.pickup.mmorpg.chest/chest1":9,"stat.useItem.mmorpg.bow/bow3":15,"stat.pickup.mmorpg.chest/chest3":2,"stat.pickup.minecraft.wooden_slab":146,"stat.leaveGame":19,"stat.useItem.securitycraft.mine":1,"stat.mineBlock.minecraft.web":25,"stat.mineBlock.gravestone.gravestone":26,"stat.craftItem.securitycraft.stone_mine":1,"stat.useItem.mmorpg.hammer/hammer0":2,"stat.useItem.mmorpg.hammer/hammer2":4,"stat.pickup.minecraft.rotten_flesh":272,"stat.pickup.mmorpg.spell_flameexplosion":3,"stat.pickup.mmorpg.axe/axe0":6,"stat.craftItem.minecraft.stone_axe":8,"stat.killEntity.Enderman":4,"stat.mineBlock.minecraft.wooden_slab":49,"stat.pickup.minecraft.brown_mushroom":4,"stat.killEntity.Witch":6,"stat.pickup.mmorpg.staff/staff0":3,"stat.pickup.mmorpg.staff/staff1":6,"stat.killEntity.Villager":8,"stat.pickup.mmorpg.runes/dos2":1,"stat.pickup.mmorpg.axe/axe4":1,"stat.pickup.mmorpg.axe/axe1":5,"stat.useItem.minecraft.iron_pickaxe":544,"stat.craftItem.minecraft.wooden_pickaxe":1,"stat.useItem.minecraft.iron_shovel":100,"stat.craftItem.minecraft.bed":1,"stat.craftItem.minecraft.glass_pane":192,"stat.furnaceInteraction":68,"stat.killEntity.ZombieVillager":4,"stat.pickup.mmorpg.runes/rah2":1,"stat.drop.minecraft.red_flower":5,"stat.pickup.minecraft.beef":13,"stat.mineBlock.minecraft.fence":2,"stat.useItem.minecraft.wheat_seeds":70,"stat.useItem.minecraft.dye":74,"stat.pickup.minecraft.bowl":1,"stat.deaths":25,"stat.pickup.minecraft.egg":23,"stat.craftItem.minecraft.wooden_shovel":5,"stat.craftItem.minecraft.iron_pickaxe":4,"stat.pickup.minecraft.glass_pane":148,"stat.pickup.packedup.ironbackpack":5,"stat.mineBlock.minecraft.tallgrass":313,"stat.pickup.minecraft.cooked_mutton":4,"stat.chestOpened":513,"stat.craftItem.minecraft.sign":3,"stat.useItem.minecraft.stone":27,"stat.pickup.minecraft.arrow":141,"stat.pickup.minecraft.iron_sword":1,"stat.pickup.mmorpg.spell_poison_nova":8,"stat.drop.minecraft.iron_pickaxe":1,"stat.pickup.mmorpg.spell_thunder_nova":16,"stat.pickup.minecraft.carrot":4,"stat.crouchOneCm":314465,"stat.mineBlock.minecraft.chest":10,"stat.craftItem.minecraft.iron_ingot":74,"stat.craftingTableInteraction":113,"stat.pickup.minecraft.dye":61,"stat.pickup.minecraft.planks":2528,"stat.pickup.minecraft.wheat_seeds":501,"stat.pickup.chisel.cobblestone":2,"stat.drop.mmorpg.staff/staff1":1,"stat.mineBlock.minecraft.glass":6,"stat.mineBlock.minecraft.dirt":1719,"stat.useItem.minecraft.bread":19,"stat.drop.minecraft.rotten_flesh":31,"stat.useItem.minecraft.cobblestone":275,"stat.mineBlock.minecraft.double_plant":18,"stat.pickup.minecraft.iron_pickaxe":22,"stat.drop.minecraft.carrot":1,"stat.drop.minecraft.sapling":2,"stat.pickup.minecraft.chicken":7,"stat.pickup.minecraft.apple":17,"stat.pickup.mmorpg.spell_acid_bomb":5,"stat.useItem.minecraft.glass_pane":42,"stat.craftItem.minecraft.bucket":1,"stat.craftItem.minecraft.planks":1304,"stat.drop.packedup.ironbackpack":1,"stat.useItem.minecraft.stonebrick":22,"stat.mineBlock.minecraft.log":515,"stat.craftItem.minecraft.wooden_door":3,"stat.mineBlock.minecraft.waterlily":10,"stat.useItem.minecraft.wooden_door":2,"stat.pickup.packedup.basicbackpack":6,"stat.pickup.minecraft.red_flower":18,"stat.pickup.minecraft.wool":30,"stat.useItem.minecraft.wooden_axe":38,"stat.drop.minecraft.grass":4,"stat.pickup.mmorpg.boots/boots0":14,"stat.pickup.mmorpg.boots/boots1":6,"stat.useItem.minecraft.iron_axe":1263,"stat.pickup.mmorpg.hammer/hammer4":1,"stat.mineBlock.minecraft.cobblestone":70,"stat.pickup.minecraft.stone_pickaxe":10,"stat.mineBlock.minecraft.yellow_flower":2,"stat.mineBlock.chisel.cobblestone1":1,"stat.drop.minecraft.cobblestone":60,"stat.pickup.minecraft.cooked_porkchop":10,"stat.useItem.minecraft.stone_slab2":275,"stat.pickup.minecraft.bow":16,"stat.pickup.mmorpg.necklace/necklace4":7,"stat.pickup.mmorpg.necklace/necklace1":12,"stat.pickup.mmorpg.necklace/necklace2":4,"stat.mineBlock.chisel.cobblestone":1,"stat.pickup.mmorpg.necklace/necklace0":11,"stat.craftItem.minecraft.furnace":5,"stat.useItem.minecraft.egg":14,"stat.pickup.mmorpg.helmet/helmet4":1,"stat.pickup.minecraft.shears":2,"stat.mineBlock.minecraft.clay":7,"stat.flyOneCm":3246677,"stat.pickup.mmorpg.helmet/helmet2":6,"stat.pickup.mmorpg.helmet/helmet1":10,"stat.pickup.mmorpg.helmet/helmet0":5,"stat.pickup.mmorpg.shields/normal_shield1":3,"stat.mineBlock.mmorpg.ore_block4":1,"stat.pickup.mmorpg.shields/normal_shield0":7,"stat.mineBlock.mmorpg.ore_block2":9,"stat.drop.mmorpg.bow/bow3":1,"stat.pickup.mmorpg.shields/normal_shield2":9,"stat.mineBlock.mmorpg.ore_block3":2,"stat.drop.mmorpg.bow/bow1":1,"stat.timeSinceDeath":13009,"stat.drop.mmorpg.bow/bow0":1,"stat.drop.minecraft.spider_eye":1,"stat.useItem.minecraft.wooden_slab":132,"stat.mineBlock.mmorpg.ore_block0":16,"stat.mineBlock.mmorpg.ore_block1":19,"stat.craftItem.minecraft.stonebrick":24,"stat.pickup.mmorpg.spell_firebolt":2,"stat.pickup.minecraft.spruce_fence":6,"stat.mineBlock.minecraft.coal_ore":125,"stat.drop.minecraft.wool":1,"stat.killEntity.Creeper":46,"stat.talkedToVillager":2,"stat.pickup.minecraft.string":189,"stat.craftItem.packedup.basicbackpack":1,"stat.mineBlock.minecraft.ladder":8,"stat.entityKilledBy.Skeleton":1,"stat.drop.minecraft.obsidian":3,"stat.drop.minecraft.oak_stairs":1,"stat.sprintOneCm":1659085,"stat.craftItem.minecraft.wooden_axe":1,"stat.useItem.minecraft.snowball":205,"stat.pickup.mmorpg.spell_lightningexplosion":1,"stat.pickup.mmorpg.runes/xah0":2,"stat.drop.mmorpg.runes/dos2":1,"stat.useItem.minecraft.ladder":8,"stat.killEntity.Zombie":137,"stat.pickup.minecraft.snowball":221,"stat.craftItem.minecraft.dye":90,"stat.diveOneCm":35149,"stat.pickup.minecraft.wheat":93,"stat.drop.mmorpg.chest/chest2":1,"stat.craftItem.minecraft.ladder":27,"stat.pickup.minecraft.sign":4,"stat.craftItem.minecraft.cooked_porkchop":7,"stat.useItem.minecraft.chicken":3,"stat.pickup.minecraft.stone_axe":11,"stat.useItem.minecraft.rotten_flesh":10,"stat.pickup.mmorpg.sword/sword3":1,"stat.pickup.mmorpg.sword/sword1":8,"stat.pickup.mmorpg.sword/sword2":3,"stat.jump":16332,"stat.pickup.mmorpg.sword/sword0":11,"stat.pickup.minecraft.coal":301,"stat.pickup.minecraft.iron_ingot":211,"stat.pickup.mmorpg.charm/charm0":1,"stat.pickup.mmorpg.charm/charm1":6,"stat.pickup.mmorpg.charm/charm2":1,"stat.pickup.minecraft.gunpowder":88,"stat.craftItem.minecraft.torch":240,"stat.pickup.minecraft.dirt":2150,"stat.pickup.mmorpg.pants/pants3":1,"stat.pickup.mmorpg.pants/pants1":13,"stat.useItem.minecraft.glass":24,"stat.pickup.minecraft.stone_shovel":14,"stat.pickup.mmorpg.pants/pants0":5,"stat.pickup.minecraft.gold_ore":1,"stat.useItem.minecraft.sapling":10,"stat.mineBlock.minecraft.lapis_ore":9,"stat.pickup.minecraft.iron_axe":9,"stat.mineBlock.minecraft.glass_pane":5,"stat.damageTaken":20036,"stat.mineBlock.minecraft.red_flower":11,"stat.mineBlock.minecraft.torch":54,"stat.pickup.minecraft.bed":16,"stat.pickup.minecraft.potato":43,"stat.pickup.mmorpg.bow/bow0":10,"stat.killEntity.Silverfish":2,"stat.drop.mmorpg.axe/axe1":1,"stat.pickup.mmorpg.bow/bow3":2,"stat.pickup.mmorpg.bow/bow2":1,"stat.pickup.mmorpg.bow/bow1":2,"stat.drop.mmorpg.spell_self_regen":1,"stat.useItem.minecraft.chest":11,"stat.pickup.mmorpg.spell_thunder_bomb":2,"stat.pickup.minecraft.ender_pearl":1,"stat.pickup.minecraft.cooked_beef":60,"stat.pickup.minecraft.ladder":46,"stat.mineBlock.minecraft.stonebrick":4,"stat.mobKills":350,"stat.pickup.minecraft.diamond":2,"stat.pickup.minecraft.beetroot_seeds":2,"stat.pickup.mmorpg.spell_acidexplosion":5,"stat.pickup.minecraft.torch":175,"stat.pickup.mmorpg.hammer/hammer2":6,"stat.pickup.mmorpg.hammer/hammer1":3,"stat.pickup.minecraft.spruce_boat":1,"stat.pickup.mmorpg.hammer/hammer0":9,"stat.drop.minecraft.stone_axe":2,"stat.craftItem.minecraft.spruce_stairs":56,"stat.drop.minecraft.arrow":3,"stat.useItem.minecraft.string":2,"stat.drop.minecraft.mutton":1,"stat.pickup.mmorpg.runes/goh4":1,"stat.craftItem.minecraft.iron_axe":6,"stat.pickup.gravestone.death_info":31,"stat.useItem.minecraft.mutton":11,"stat.useItem.minecraft.planks":1804,"stat.pickup.mmorpg.spell_frost_nova":2,"stat.pickup.minecraft.glowstone_dust":6,"stat.pickup.minecraft.porkchop":38,"stat.pickup.minecraft.glass":91,"stat.useItem.minecraft.water_bucket":6,"stat.pickup.minecraft.sand":64,"stat.drop.mmorpg.runes/ano1":4,"stat.drop.mmorpg.runes/ano0":1,"stat.pickup.chisel.cobblestone1":1,"stat.mineBlock.minecraft.snow_layer":122,"stat.mineBlock.minecraft.sand":74,"stat.pickup.mmorpg.spell_ice_bomb":6,"stat.drop.mmorpg.sword/sword0":1,"stat.drop.gravestone.death_info":10,"stat.useItem.minecraft.oak_stairs":34,"stat.pickup.mmorpg.spell_fire_bomb":2,"stat.useItem.minecraft.cooked_mutton":4,"stat.pickup.minecraft.furnace":6,"stat.killEntity.Horse":1,"stat.mineBlock.minecraft.oak_stairs":14,"stat.playOneMinute":932113,"stat.pickup.minecraft.waterlily":13,"stat.craftItem.minecraft.iron_hoe":1,"stat.fallOneCm":479916,"stat.craftItem.minecraft.chest":14,"stat.useItem.minecraft.iron_hoe":79,"stat.pickup.minecraft.feather":5,"stat.craftItem.minecraft.wooden_button":6,"stat.useItem.minecraft.furnace":1,"stat.mineBlock.minecraft.spruce_fence":3,"stat.mineBlock.minecraft.gravel":9,"stat.useItem.minecraft.stone_pickaxe":337,"stat.craftItem.minecraft.oak_stairs":32,"stat.pickup.mmorpg.spell_acidbolt":1,"stat.craftItem.securitycraft.dirt_mine":12,"stat.drop.minecraft.iron_axe":1,"stat.mineBlock.minecraft.monster_egg":2,"stat.useItem.minecraft.torch":255,"stat.pickup.minecraft.crafting_table":22,"stat.useItem.minecraft.log":68,"stat.craftItem.minecraft.crafting_table":22,"stat.pickup.minecraft.log":672,"stat.drop.minecraft.planks":17,"stat.drop.mmorpg.spell_thunder_bomb":1,"stat.pickup.mmorpg.spell_thunderbolt":4,"stat.pickup.minecraft.sapling":48,"stat.pickup.minecraft.wooden_door":13,"stat.drop.minecraft.bow":1,"stat.sneakTime":82785,"stat.pickup.minecraft.stone_slab":1,"stat.pickup.minecraft.yellow_flower":7,"stat.pickup.minecraft.chest":10,"stat.pickup.minecraft.bone":142,"stat.craftItem.packedup.ironbackpack":1,"stat.horseOneCm":4542,"stat.drop.minecraft.glowstone_dust":3,"stat.mineBlock.minecraft.brown_mushroom":1,"stat.swimOneCm":35943,"stat.climbOneCm":25842,"stat.craftItem.securitycraft.mine":15,"stat.mineBlock.minecraft.spruce_stairs":5,"stat.useItem.minecraft.dirt":2202,"stat.craftItem.minecraft.stone_pickaxe":4,"stat.pickup.minecraft.cobblestone":610,"stat.useItem.minecraft.stone_shovel":1475,"stat.pickup.minecraft.glass_bottle":2,"stat.drop.minecraft.wheat_seeds":3,"stat.useItem.minecraft.cooked_beef":15,"stat.craftItem.minecraft.wooden_slab":174,"stat.pickup.mmorpg.ring/ring3":11,"stat.pickup.minecraft.redstone":24,"stat.mineBlock.minecraft.iron_ore":77,"stat.drop.minecraft.log":61,"stat.useItem.minecraft.sign":4,"stat.pickup.mmorpg.ore1":17,"stat.pickup.mmorpg.ore0":20,"stat.pickup.mmorpg.ore3":2,"stat.pickup.minecraft.mutton":29,"stat.pickup.mmorpg.ore2":17,"stat.pickup.mmorpg.ore4":1,"stat.pickup.mmorpg.runes/voh3":1,"stat.craftItem.securitycraft.furnace_mine":1,"stat.pickup.mmorpg.ring/ring0":5,"stat.pickup.minecraft.stonebrick":5,"stat.pickup.mmorpg.ring/ring2":12,"stat.pickup.mmorpg.ring/ring1":1,"stat.drop.minecraft.dirt":371,"stat.useItem.minecraft.cooked_porkchop":10,"stat.pickup.minecraft.iron_shovel":2,"stat.pickup.securitycraft.furnace_mine":2,"stat.craftItem.minecraft.stone_slab2":0,"stat.useItem.minecraft.spruce_fence":8,"stat.craftItem.minecraft.stick":232,"stat.craftItem.minecraft.stone":27,"stat.pickup.minecraft.grass":896,"stat.mineBlock.minecraft.crafting_table":18,"stat.useItem.minecraft.bucket":7,"stat.mineBlock.minecraft.planks":1212,"stat.drop":104,"stat.pickup.securitycraft.mine":3,"stat.killEntity.Sheep":11,"stat.drop.securitycraft.taser":1,"stat.pickup.minecraft.slime_ball":1,"stat.pickup.mmorpg.bracelet/bracelet0":9,"stat.pickup.mmorpg.bracelet/bracelet2":13,"stat.pickup.mmorpg.bracelet/bracelet1":1,"stat.pickup.securitycraft.taser":1,"stat.drop.minecraft.bread":2,"stat.pickup.mmorpg.bracelet/bracelet3":2,"stat.pickup.minecraft.gravel":6,"stat.killEntity.Slime":1,"stat.useItem.minecraft.waterlily":7,"stat.useItem.minecraft.porkchop":8,"stat.useItem.mmorpg.axe/axe1":12,"stat.useItem.mmorpg.axe/axe0":53,"stat.drop.minecraft.cooked_porkchop":1,"stat.pickup.minecraft.fence":2,"stat.pickup.mmorpg.runes/ano1":5,"stat.useItem.mmorpg.sword/sword1":78,"stat.pickup.mmorpg.runes/ano0":9,"stat.useItem.mmorpg.sword/sword2":26,"stat.useItem.mmorpg.sword/sword0":66,"stat.pickup.mmorpg.runes/ano5":1,"stat.useItem.minecraft.stone_axe":668,"stat.pickup.mmorpg.runes/ano4":1,"stat.craftItem.minecraft.bread":29,"stat.pickup.minecraft.spider_eye":29,"stat.pickup.minecraft.iron_ore":113,"stat.pickup.mmorpg.spell_instantheal":24,"stat.pickup.minecraft.leather":20,"stat.mineBlock.minecraft.furnace":4,"stat.useItem.minecraft.wooden_pickaxe":12,"stat.killEntity.CaveSpider":11,"stat.pickup.minecraft.oak_stairs":135,"stat.damageDealt":3420,"stat.craftItem.minecraft.glass":64,"stat.sleepInBed":4,"stat.killEntity.Cow":6,"stat.useItem.minecraft.crafting_table":1,"stat.killEntity.Pig":11,"stat.craftItem.minecraft.stone_shovel":17,"stat.mineBlock.securitycraft.mine":2,"stat.walkOneCm":2322327,"stat.playerKills":7,"stat.pickup.minecraft.stick":130,"stat.pickup.mmorpg.spell_self_regen":8,"stat.pickup.minecraft.clay_ball":4,"stat.useItem.minecraft.spruce_boat":1,"stat.pickup.mmorpg.spell_frostbolt":4,"stat.useItem.minecraft.spruce_stairs":20,"stat.pickup.minecraft.stone":374,"stat.mineBlock.minecraft.wool":1,"stat.killEntity.Skeleton":55,"stat.killEntity.Chicken":5,"stat.killEntity.Spider":41,"stat.pickup.minecraft.bread":47,"stat.craftItem.minecraft.spruce_fence":9,"stat.pickup.mmorpg.runes/ita2":1,"stat.pickup.minecraft.water_bucket":1,"stat.mineBlock.minecraft.leaves":149,"stat.pickup.minecraft.spruce_stairs":37,"stat.mineBlock.minecraft.redstone_ore":5,"stat.mineBlock.minecraft.stone":505}