{"stat.pickup.mmorpg.chest/chest2":1,"stat.leaveGame":11,"stat.pickup.gravestone.death_info":3,"stat.useItem.minecraft.mutton":2,"stat.pickup.minecraft.porkchop":31,"stat.mineBlock.gravestone.gravestone":3,"stat.pickup.minecraft.rotten_flesh":28,"stat.pickup.mmorpg.spell_flameexplosion":5,"stat.craftItem.minecraft.stone_axe":1,"stat.killEntity.Enderman":1,"stat.killEntity.Witch":1,"stat.pickup.mmorpg.staff/staff0":1,"stat.pickup.mmorpg.staff/staff1":2,"stat.pickup.mmorpg.axe/axe3":5,"stat.pickup.mmorpg.axe/axe2":1,"stat.useItem.minecraft.iron_pickaxe":250,"stat.craftItem.minecraft.wooden_pickaxe":1,"stat.drop.gravestone.death_info":2,"stat.furnaceInteraction":76,"stat.drop.minecraft.gravel":13,"stat.killEntity.ZombieVillager":4,"stat.pickup.minecraft.beef":18,"stat.pickup.minecraft.furnace":5,"stat.useItem.minecraft.cooked_mutton":10,"stat.pickup.securitycraft.iron_mine":7,"stat.killEntity.Horse":1,"stat.craftItem.minecraft.heavy_weighted_pressure_plate":1,"stat.useItem.securitycraft.iron_mine":9,"stat.deaths":6,"stat.playOneMinute":250702,"stat.drop.minecraft.string":2,"stat.craftItem.minecraft.iron_pickaxe":1,"stat.mineBlock.securitycraft.iron_mine":5,"stat.mineBlock.minecraft.tallgrass":48,"stat.craftItem.minecraft.cooked_mutton":10,"stat.pickup.minecraft.cooked_mutton":2,"stat.chestOpened":23,"stat.useItem.minecraft.stone":6,"stat.pickup.minecraft.arrow":4,"stat.pickup.minecraft.cooked_chicken":3,"stat.fallOneCm":78596,"stat.drop.minecraft.stone":30,"stat.crouchOneCm":40413,"stat.craftItem.minecraft.iron_ingot":20,"stat.craftItem.minecraft.chest":4,"stat.craftingTableInteraction":63,"stat.pickup.minecraft.feather":7,"stat.drop.minecraft.bone":32,"stat.pickup.minecraft.planks":4,"stat.craftItem.minecraft.diamond_shovel":1,"stat.pickup.minecraft.wheat_seeds":18,"stat.mineBlock.minecraft.gravel":25,"stat.useItem.minecraft.stone_pickaxe":45,"stat.mineBlock.minecraft.dirt":736,"stat.craftItem.minecraft.redstone_block":1,"stat.drop.minecraft.rotten_flesh":9,"stat.pickup.minecraft.crafting_table":5,"stat.useItem.minecraft.cobblestone":58,"stat.craftItem.minecraft.crafting_table":2,"stat.useItem.minecraft.gravel":15,"stat.mineBlock.minecraft.double_plant":2,"stat.pickup.minecraft.log":23,"stat.craftItem.minecraft.stone_button":8,"stat.pickup.minecraft.chicken":13,"stat.pickup.minecraft.sapling":1,"stat.pickup.mmorpg.spell_acid_bomb":3,"stat.craftItem.minecraft.planks":92,"stat.useItem.minecraft.stonebrick":78,"stat.mineBlock.minecraft.log":23,"stat.sneakTime":10444,"stat.pickup.minecraft.wool":18,"stat.useItem.minecraft.wooden_axe":21,"stat.craftItem.minecraft.diamond_chestplate":1,"stat.pickup.minecraft.bone":38,"stat.drop.minecraft.sugar":1,"stat.craftItem.minecraft.diamond_leggings":1,"stat.mineBlock.minecraft.cobblestone":18,"stat.pickup.minecraft.stone_pickaxe":2,"stat.pickup.minecraft.flint":2,"stat.mineBlock.minecraft.yellow_flower":1,"stat.useItem.minecraft.diamond_sword":344,"stat.craftItem.minecraft.diamond_helmet":1,"stat.swimOneCm":14245,"stat.climbOneCm":441,"stat.craftItem.securitycraft.mine":9,"stat.useItem.minecraft.dirt":159,"stat.useItem.minecraft.stone_slab2":31,"stat.pickup.mmorpg.necklace/necklace1":1,"stat.craftItem.minecraft.furnace":1,"stat.craftItem.minecraft.stone_pickaxe":1,"stat.pickup.minecraft.cobblestone":977,"stat.flyOneCm":517439,"stat.pickup.mmorpg.helmet/helmet1":2,"stat.drop.minecraft.wheat_seeds":2,"stat.pickup.mmorpg.helmet/helmet0":3,"stat.pickup.mmorpg.shields/normal_shield3":3,"stat.pickup.minecraft.redstone":123,"stat.mineBlock.minecraft.iron_ore":30,"stat.pickup.mmorpg.shields/normal_shield2":1,"stat.timeSinceDeath":111597,"stat.pickup.mmorpg.ore1":2,"stat.pickup.mmorpg.ore0":3,"stat.mineBlock.mmorpg.ore_block0":1,"stat.pickup.minecraft.mutton":28,"stat.mineBlock.mmorpg.ore_block1":2,"stat.pickup.mmorpg.runes/voh3":2,"stat.craftItem.minecraft.stonebrick":84,"stat.pickup.mmorpg.spell_firebolt":1,"stat.pickup.minecraft.stonebrick":17,"stat.drop.minecraft.dirt":26,"stat.useItem.minecraft.cooked_porkchop":1,"stat.pickup.minecraft.diamond_shovel":2,"stat.useItem.mmorpg.staff/staff1":91,"stat.mineBlock.minecraft.coal_ore":84,"stat.drop.minecraft.wool":1,"stat.killEntity.Creeper":11,"stat.pickup.minecraft.string":5,"stat.craftItem.minecraft.stone_slab2":0,"stat.sprintOneCm":259819,"stat.useItem.minecraft.diamond_shovel":725,"stat.craftItem.minecraft.stick":84,"stat.craftItem.minecraft.wooden_axe":1,"stat.craftItem.minecraft.stone":138,"stat.pickup.mmorpg.spell_lightningexplosion":4,"stat.mineBlock.minecraft.diamond_ore":43,"stat.pickup.minecraft.grass":1,"stat.mineBlock.minecraft.crafting_table":4,"stat.useItem.minecraft.diamond_pickaxe":730,"stat.pickup.minecraft.diamond_chestplate":2,"stat.pickup.minecraft.sugar":3,"stat.drop":32,"stat.pickup.minecraft.stone_button":16,"stat.killEntity.Sheep":9,"stat.craftItem.minecraft.diamond_pickaxe":1,"stat.pickup.mmorpg.bracelet/bracelet1":2,"stat.killEntity.Zombie":31,"stat.craftItem.minecraft.diamond_axe":1,"stat.diveOneCm":2220,"stat.pickup.minecraft.gravel":45,"stat.pickup.mmorpg.bracelet/bracelet3":2,"stat.craftItem.minecraft.cooked_porkchop":13,"stat.useItem.minecraft.diamond_axe":61,"stat.pickup.minecraft.stone_axe":2,"stat.pickup.minecraft.diamond_sword":3,"stat.craftItem.minecraft.diamond_sword":1,"stat.jump":2905,"stat.pickup.mmorpg.sword/sword0":1,"stat.pickup.minecraft.coal":106,"stat.pickup.minecraft.iron_ingot":12,"stat.pickup.mmorpg.runes/ano1":1,"stat.useItem.mmorpg.sword/sword0":23,"stat.useItem.minecraft.stone_axe":1,"stat.craftItem.securitycraft.iron_mine":9,"stat.drop.minecraft.diamond_sword":1,"stat.pickup.minecraft.gunpowder":3,"stat.pickup.minecraft.spider_eye":1,"stat.craftItem.minecraft.torch":32,"stat.pickup.minecraft.dirt":763,"stat.useItem.minecraft.cooked_chicken":1,"stat.pickup.minecraft.iron_ore":29,"stat.pickup.mmorpg.pants/pants1":3,"stat.pickup.mmorpg.pants/pants0":3,"stat.pickup.mmorpg.spell_instantheal":6,"stat.damageTaken":3910,"stat.pickup.minecraft.leather":7,"stat.mineBlock.minecraft.furnace":3,"stat.useItem.minecraft.wooden_pickaxe":7,"stat.drop.minecraft.stone_button":8,"stat.pickup.minecraft.potato":1,"stat.entityKilledBy.Zombie":2,"stat.pickup.minecraft.diamond_axe":2,"stat.pickup.mmorpg.bow/bow0":1,"stat.damageDealt":4501,"stat.sleepInBed":3,"stat.killEntity.Cow":5,"stat.drop.mmorpg.axe/axe3":2,"stat.killEntity.Pig":8,"stat.drop.mmorpg.axe/axe2":1,"stat.walkOneCm":306322,"stat.drop.mmorpg.spell_self_regen":1,"stat.playerKills":1,"stat.useItem.minecraft.chest":2,"stat.pickup.minecraft.stick":177,"stat.pickup.minecraft.diamond_pickaxe":2,"stat.pickup.mmorpg.spell_self_regen":5,"stat.craftItem.minecraft.diamond_boots":1,"stat.pickup.minecraft.stone":124,"stat.pickup.minecraft.ender_pearl":1,"stat.killEntity.Skeleton":18,"stat.mineBlock.minecraft.stonebrick":20,"stat.killEntity.Chicken":6,"stat.drop.minecraft.crafting_table":1,"stat.drop.mmorpg.pants/pants1":1,"stat.killEntity.Spider":15,"stat.mobKills":114,"stat.pickup.minecraft.diamond_boots":2,"stat.pickup.minecraft.diamond":63,"stat.mineBlock.minecraft.leaves":3,"stat.pickup.mmorpg.spell_acidexplosion":7,"stat.pickup.minecraft.torch":2,"stat.mineBlock.minecraft.redstone_ore":27,"stat.mineBlock.minecraft.stone":773}