{"stat.pickup.mmorpg.chest/chest0":1,"stat.pickup.mmorpg.boots/boots0":3,"stat.pickup.minecraft.wooden_slab":27,"stat.leaveGame":5,"stat.mineBlock.minecraft.cobblestone":2,"stat.pickup.minecraft.stone_pickaxe":1,"stat.pickup.minecraft.flint":1,"stat.swimOneCm":42165,"stat.pickup.minecraft.porkchop":2,"stat.useItem.minecraft.dirt":2,"stat.useItem.minecraft.stone_slab2":13,"stat.pickup.minecraft.rotten_flesh":8,"stat.craftItem.minecraft.furnace":1,"stat.craftItem.minecraft.stone_axe":1,"stat.craftItem.minecraft.spruce_boat":1,"stat.craftItem.minecraft.stone_pickaxe":3,"stat.pickup.minecraft.cobblestone":152,"stat.craftItem.minecraft.cobblestone_wall":6,"stat.flyOneCm":224950,"stat.pickup.mmorpg.helmet/helmet0":3,"stat.useItem.minecraft.cooked_beef":4,"stat.craftItem.minecraft.wooden_slab":36,"stat.mineBlock.mmorpg.ore_block2":1,"stat.mineBlock.minecraft.iron_ore":13,"stat.timeSinceDeath":27173,"stat.pickup.mmorpg.axe/axe1":1,"stat.useItem.minecraft.iron_pickaxe":222,"stat.pickup.mmorpg.ore1":6,"stat.craftItem.minecraft.wooden_pickaxe":1,"stat.useItem.minecraft.wooden_slab":9,"stat.pickup.minecraft.mutton":8,"stat.mineBlock.mmorpg.ore_block1":4,"stat.pickup.mmorpg.ore2":1,"stat.craftItem.minecraft.bed":1,"stat.furnaceInteraction":3,"stat.mineBlock.minecraft.coal_ore":58,"stat.pickup.minecraft.string":4,"stat.pickup.minecraft.furnace":2,"stat.entityKilledBy.Skeleton":1,"stat.craftItem.minecraft.stone_slab2":0,"stat.sprintOneCm":134377,"stat.craftItem.minecraft.stick":24,"stat.craftItem.minecraft.stone":200,"stat.mineBlock.minecraft.crafting_table":2,"stat.entityKilledBy.Creeper":1,"stat.deaths":3,"stat.pickup.minecraft.egg":2,"stat.playOneMinute":95914,"stat.killEntity.Sheep":2,"stat.craftItem.minecraft.iron_pickaxe":1,"stat.pickup.mmorpg.bracelet/bracelet0":1,"stat.killEntity.Zombie":1,"stat.mineBlock.minecraft.tallgrass":297,"stat.diveOneCm":21718,"stat.useItem.minecraft.stone":104,"stat.pickup.minecraft.gravel":13,"stat.pickup.minecraft.stone_axe":1,"stat.useItem.minecraft.porkchop":2,"stat.jump":1175,"stat.pickup.mmorpg.sword/sword0":1,"stat.pickup.minecraft.coal":92,"stat.fallOneCm":21980,"stat.pickup.minecraft.iron_ingot":6,"stat.useItem.mmorpg.sword/sword0":259,"stat.useItem.minecraft.stone_axe":35,"stat.crouchOneCm":12656,"stat.craftItem.minecraft.torch":32,"stat.craftItem.minecraft.iron_ingot":5,"stat.pickup.minecraft.dirt":5,"stat.craftingTableInteraction":12,"stat.pickup.minecraft.iron_ore":15,"stat.boatOneCm":48769,"stat.pickup.mmorpg.pants/pants0":1,"stat.pickup.mmorpg.spell_instantheal":1,"stat.damageTaken":1495,"stat.mineBlock.minecraft.furnace":1,"stat.useItem.minecraft.wooden_pickaxe":18,"stat.pickup.minecraft.planks":47,"stat.pickup.minecraft.wheat_seeds":116,"stat.entityKilledBy.Zombie":1,"stat.mineBlock.minecraft.gravel":8,"stat.useItem.minecraft.stone_pickaxe":331,"stat.damageDealt":997,"stat.sleepInBed":4,"stat.mineBlock.minecraft.dirt":10,"stat.killEntity.Pig":1,"stat.walkOneCm":203851,"stat.useItem.minecraft.torch":13,"stat.pickup.minecraft.crafting_table":2,"stat.useItem.minecraft.cobblestone":19,"stat.craftItem.minecraft.crafting_table":4,"stat.mineBlock.minecraft.double_plant":11,"stat.useItem.minecraft.spruce_boat":1,"stat.pickup.minecraft.log":47,"stat.pickup.minecraft.iron_pickaxe":3,"stat.pickup.minecraft.stone":737,"stat.pickup.minecraft.sapling":5,"stat.pickup.minecraft.cooked_beef":4,"stat.craftItem.minecraft.planks":168,"stat.killEntity.Spider":1,"stat.mobKills":6,"stat.mineBlock.minecraft.log":47,"stat.useItem.minecraft.cobblestone_wall":5,"stat.mineBlock.minecraft.leaves":6,"stat.pickup.minecraft.torch":78,"stat.sneakTime":4894,"stat.pickup.minecraft.wool":3,"stat.pickup.minecraft.spruce_boat":2,"stat.mineBlock.minecraft.stone":443}