{"stat.pickup.mmorpg.chest/chest0":3,"stat.useItem.minecraft.bow":2,"stat.pickup.mmorpg.chest/chest2":1,"stat.pickup.mmorpg.chest/chest1":10,"stat.useItem.mmorpg.bow/bow1":2,"stat.pickup.mmorpg.chest/chest3":3,"stat.useItem.mmorpg.bow/bow0":4,"stat.leaveGame":34,"stat.drop.packedup.basicbackpack":2,"stat.craftItem.minecraft.shield":1,"stat.drop.minecraft.feather":3,"stat.mineBlock.gravestone.gravestone":8,"stat.useItem.mmorpg.hammer/hammer1":129,"stat.useItem.mmorpg.hammer/hammer2":71,"stat.pickup.minecraft.rotten_flesh":403,"stat.pickup.mmorpg.reroll_suffix_numbers":1,"stat.pickup.mmorpg.spell_flameexplosion":2,"stat.pickup.mmorpg.axe/axe0":2,"stat.killEntity.Donkey":1,"stat.craftItem.minecraft.stone_axe":2,"stat.craftItem.minecraft.noteblock":1,"stat.pickup.minecraft.bucket":1,"stat.killEntity.Enderman":28,"stat.craftItem.mmorpg.repair_station":1,"stat.craftItem.minecraft.iron_shovel":1,"stat.killEntity.Witch":9,"stat.pickup.mmorpg.staff/staff0":5,"stat.pickup.mmorpg.staff/staff1":4,"stat.pickup.mmorpg.staff/staff3":1,"stat.craftItem.mmorpg.map_device":1,"stat.pickup.chisel.chisel_iron":3,"stat.pickup.mmorpg.runes/dos2":1,"stat.pickup.mmorpg.axe/axe3":2,"stat.pickup.mmorpg.axe/axe4":2,"stat.pickup.mmorpg.axe/axe1":7,"stat.pickup.mmorpg.runes/dos0":5,"stat.useItem.minecraft.iron_pickaxe":3721,"stat.craftItem.minecraft.iron_door":3,"stat.useItem.minecraft.iron_shovel":250,"stat.drop.minecraft.cooked_mutton":3,"stat.pickup.minecraft.double_plant":2,"stat.pickup.mmorpg.runes/mos1":1,"stat.craftItem.minecraft.bed":1,"stat.craftItem.minecraft.glass_pane":16,"stat.furnaceInteraction":368,"stat.killEntity.ZombieVillager":23,"stat.drop.minecraft.red_flower":65,"stat.drop.mmorpg.spell_frostexplosion":1,"stat.pickup.minecraft.beef":88,"stat.useItem.minecraft.fence":38,"stat.drop.minecraft.furnace":1,"stat.pickup.securitycraft.security_camera":1,"stat.mineBlock.minecraft.fence":3,"stat.killEntity.Husk":2,"stat.craftItem.securitycraft.laser_block":1,"stat.pickup.securitycraft.universal_block_reinforcer_lvl1":1,"stat.useItem.securitycraft.iron_mine":2,"stat.deaths":5,"stat.pickup.minecraft.bowl":6,"stat.pickup.minecraft.egg":18,"stat.craftItem.minecraft.iron_pickaxe":17,"stat.craftItem.packedup.diamondbackpack":1,"stat.drop.minecraft.iron_ingot":6,"stat.pickup.packedup.ironbackpack":1,"stat.useItem.securitycraft.camera_monitor":1,"stat.mineBlock.minecraft.tallgrass":272,"stat.craftItem.minecraft.cooked_mutton":35,"stat.pickup.securitycraft.keypad_door_item":1,"stat.pickup.minecraft.cooked_mutton":4,"stat.chestOpened":237,"stat.craftItem.minecraft.sign":3,"stat.useItem.minecraft.stone":17,"stat.pickup.minecraft.arrow":210,"stat.pickup.securitycraft.keypad_frame":2,"stat.pickup.mmorpg.spell_poison_nova":7,"stat.drop.minecraft.iron_pickaxe":3,"stat.pickup.mmorpg.spell_thunder_nova":3,"stat.pickup.minecraft.carrot":5,"stat.crouchOneCm":749656,"stat.mineBlock.minecraft.chest":4,"stat.craftItem.minecraft.iron_ingot":512,"stat.drop.minecraft.slime_ball":1,"stat.craftingTableInteraction":234,"stat.pickup.mmorpg.big_gear_lootbox_3":1,"stat.craftItem.packedup.goldbackpack":3,"stat.pickup.minecraft.wooden_pickaxe":2,"stat.mineBlock.minecraft.log2":52,"stat.pickup.minecraft.dye":89,"stat.pickup.minecraft.planks":764,"stat.pickup.minecraft.wheat_seeds":78,"stat.pickup.chisel.cobblestone":1,"stat.drop.mmorpg.staff/staff1":1,"stat.drop.mmorpg.staff/staff0":1,"stat.craftItem.packedup.obsidianbackpack":1,"stat.mineBlock.minecraft.dirt":1665,"stat.drop.mmorpg.runes/xah1":1,"stat.craftItem.mmorpg.salvage_station":1,"stat.pickup.securitycraft.reinforced_glass_block":7,"stat.useItem.minecraft.bread":2,"stat.drop.minecraft.rotten_flesh":52,"stat.craftItem.securitycraft.portable_radar":2,"stat.useItem.minecraft.cobblestone":2541,"stat.drop.securitycraft.keypad_frame":2,"stat.mineBlock.minecraft.double_plant":12,"stat.craftItem.securitycraft.keypad_door_item":1,"stat.pickup.securitycraft.reinforced_stone":8,"stat.drop.minecraft.chicken":2,"stat.pickup.minecraft.iron_pickaxe":6,"stat.drop.minecraft.iron_ore":1,"stat.craftItem.minecraft.gold_ingot":66,"stat.drop.minecraft.sapling":2,"stat.pickup.minecraft.chicken":14,"stat.pickup.minecraft.apple":7,"stat.pickup.mmorpg.spell_acid_bomb":3,"stat.craftItem.securitycraft.door_indestructible_iron_item":3,"stat.craftItem.minecraft.planks":1172,"stat.useItem.securitycraft.universal_block_remover":3,"stat.pickup.minecraft.book":21,"stat.mineBlock.minecraft.log":153,"stat.pickup.packedup.basicbackpack":1,"stat.pickup.minecraft.red_flower":41,"stat.pickup.minecraft.wool":21,"stat.drop.minecraft.grass":1,"stat.pickup.mmorpg.boots/boots0":10,"stat.pickup.mmorpg.boots/boots1":3,"stat.pickup.mmorpg.boots/boots2":2,"stat.mineBlock.minecraft.cobblestone":448,"stat.pickup.minecraft.stone_pickaxe":4,"stat.mineBlock.minecraft.yellow_flower":5,"stat.craftItem.minecraft.wool":18,"stat.craftItem.securitycraft.sand_mine":1,"stat.mineBlock.chisel.cobblestone1":1,"stat.drop.minecraft.cobblestone":106,"stat.pickup.minecraft.cooked_porkchop":133,"stat.useItem.securitycraft.dirt_mine":2,"stat.useItem.minecraft.stone_slab2":818,"stat.pickup.minecraft.bow":21,"stat.pickup.mmorpg.necklace/necklace3":7,"stat.pickup.mmorpg.necklace/necklace1":7,"stat.pickup.mmorpg.necklace/necklace2":5,"stat.pickup.mmorpg.necklace/necklace0":10,"stat.craftItem.minecraft.furnace":19,"stat.useItem.minecraft.egg":5,"stat.craftItem.minecraft.spruce_boat":2,"stat.craftItem.minecraft.cooked_beef":65,"stat.pickup.mmorpg.helmet/helmet5":3,"stat.mineBlock.minecraft.obsidian":5,"stat.craftItem.minecraft.bow":7,"stat.flyOneCm":6297234,"stat.pickup.mmorpg.helmet/helmet1":3,"stat.pickup.mmorpg.helmet/helmet0":2,"stat.craftItem.minecraft.stained_glass":16,"stat.pickup.mmorpg.shields/normal_shield1":5,"stat.pickup.mmorpg.shields/normal_shield0":3,"stat.mineBlock.mmorpg.ore_block2":39,"stat.drop.mmorpg.bow/bow3":1,"stat.mineBlock.mmorpg.ore_block3":10,"stat.pickup.mmorpg.shields/normal_shield2":1,"stat.drop.mmorpg.bow/bow1":1,"stat.timeSinceDeath":134237,"stat.pickup.mmorpg.shields/normal_shield4":1,"stat.drop.minecraft.spider_eye":3,"stat.mineBlock.mmorpg.ore_block0":82,"stat.mineBlock.mmorpg.ore_block1":62,"stat.craftItem.minecraft.iron_block":29,"stat.pickup.securitycraft.keypad":1,"stat.pickup.mmorpg.loot_bag":7,"stat.pickup.mmorpg.spell_firebolt":5,"stat.mineBlock.minecraft.coal_ore":273,"stat.drop.minecraft.wool":2,"stat.killEntity.Creeper":158,"stat.craftItem.mmorpg.loot_bag":1,"stat.pickup.minecraft.string":119,"stat.craftItem.packedup.basicbackpack":3,"stat.mineBlock.minecraft.ladder":23,"stat.drop.minecraft.oak_stairs":1,"stat.sprintOneCm":3457977,"stat.useItem.minecraft.diamond_shovel":1319,"stat.useItem.minecraft.snowball":306,"stat.mineBlock.minecraft.diamond_ore":11,"stat.pickup.mmorpg.spell_lightningexplosion":1,"stat.pickup.mmorpg.runes/xah1":1,"stat.pickup.mmorpg.runes/xah2":1,"stat.pickup.minecraft.sugar":2,"stat.drop.mmorpg.runes/dos0":1,"stat.useItem.minecraft.ladder":51,"stat.killEntity.Zombie":398,"stat.pickup.minecraft.snowball":314,"stat.craftItem.minecraft.dye":220,"stat.pickup.packedup.diamondbackpack":2,"stat.mineBlock.minecraft.gold_ore":52,"stat.diveOneCm":113501,"stat.craftItem.minecraft.ladder":54,"stat.drop.mmorpg.orb_of_transmutation":1,"stat.pickup.minecraft.sign":1,"stat.craftItem.minecraft.cooked_porkchop":68,"stat.pickup.minecraft.stone_axe":8,"stat.pickup.minecraft.obsidian":8,"stat.useItem.securitycraft.sentry":2,"stat.pickup.mmorpg.spell_fire_nova":3,"stat.drop.minecraft.apple":5,"stat.pickup.mmorpg.sword/sword3":1,"stat.pickup.mmorpg.sword/sword4":1,"stat.pickup.mmorpg.sword/sword1":7,"stat.pickup.mmorpg.sword/sword2":3,"stat.jump":24485,"stat.pickup.mmorpg.sword/sword0":5,"stat.pickup.minecraft.coal":601,"stat.pickup.mmorpg.charm/charm0":4,"stat.pickup.minecraft.iron_ingot":32,"stat.pickup.mmorpg.charm/charm1":2,"stat.pickup.mmorpg.charm/charm2":3,"stat.craftItem.securitycraft.iron_mine":3,"stat.pickup.minecraft.gunpowder":171,"stat.pickup.mmorpg.charm/charm5":3,"stat.craftItem.minecraft.torch":40,"stat.pickup.minecraft.dirt":1911,"stat.pickup.mmorpg.randomize_prefix":2,"stat.pickup.mmorpg.pants/pants4":1,"stat.pickup.mmorpg.pants/pants1":5,"stat.pickup.mmorpg.pants/pants2":1,"stat.pickup.mmorpg.pants/pants0":3,"stat.pickup.minecraft.gold_ore":55,"stat.mineBlock.minecraft.lapis_ore":15,"stat.pickup.minecraft.iron_axe":1,"stat.damageTaken":11122,"stat.mineBlock.minecraft.red_flower":12,"stat.mineBlock.minecraft.torch":24,"stat.mineBlock.minecraft.sapling":3,"stat.pickup.minecraft.log2":53,"stat.craftItem.securitycraft.keypad_frame":1,"stat.pickup.minecraft.bed":10,"stat.pickup.minecraft.potato":2,"stat.pickup.mmorpg.bow/bow0":6,"stat.drop.mmorpg.axe/axe1":2,"stat.pickup.mmorpg.bow/bow3":4,"stat.drop.mmorpg.axe/axe0":1,"stat.pickup.mmorpg.bow/bow1":5,"stat.craftItem.securitycraft.universal_block_reinforcer_lvl1":1,"stat.drop.mmorpg.spell_self_regen":1,"stat.useItem.minecraft.chest":2,"stat.drop.securitycraft.security_camera":1,"stat.useItem.minecraft.lava_bucket":19,"stat.drop.mmorpg.loot_bag":1,"stat.drop.patchouli.guide_book":2,"stat.pickup.mmorpg.spell_thunder_bomb":2,"stat.pickup.minecraft.ender_pearl":11,"stat.drop.minecraft.egg":3,"stat.pickup.minecraft.cooked_beef":38,"stat.pickup.minecraft.ladder":47,"stat.mobKills":1081,"stat.craftItem.minecraft.shears":1,"stat.pickup.minecraft.diamond":19,"stat.pickup.minecraft.torch":228,"stat.pickup.mmorpg.spell_acidexplosion":2,"stat.pickup.mmorpg.hammer/hammer2":3,"stat.pickup.mmorpg.hammer/hammer1":6,"stat.pickup.minecraft.spruce_boat":2,"stat.pickup.mmorpg.hammer/hammer0":5,"stat.drop.minecraft.stone_axe":1,"stat.drop.minecraft.arrow":3,"stat.pickup.mmorpg.runes/goh2":1,"stat.pickup.mmorpg.runes/goh3":1,"stat.pickup.mmorpg.runes/goh0":1,"stat.craftItem.minecraft.iron_axe":1,"stat.pickup.gravestone.death_info":12,"stat.useItem.minecraft.planks":117,"stat.pickup.mmorpg.spell_frost_nova":2,"stat.pickup.minecraft.glowstone_dust":11,"stat.pickup.minecraft.porkchop":61,"stat.pickup.minecraft.glass":24,"stat.useItem.minecraft.water_bucket":275,"stat.pickup.minecraft.sand":31,"stat.drop.mmorpg.spell_flameexplosion":1,"stat.pickup.chisel.cobblestone1":1,"stat.mineBlock.minecraft.snow_layer":118,"stat.useItem.minecraft.ender_pearl":1,"stat.mineBlock.minecraft.sand":2,"stat.pickup.mmorpg.spell_ice_bomb":3,"stat.pickup.securitycraft.reinforced_cobblestone":15,"stat.pickup.patchouli.guide_book":4,"stat.drop.minecraft.diamond":2,"stat.craftItem.securitycraft.reinforced_stone_button":8,"stat.drop.gravestone.death_info":5,"stat.useItem.minecraft.oak_stairs":86,"stat.pickup.mmorpg.spell_fire_bomb":2,"stat.pickup.minecraft.furnace":17,"stat.useItem.minecraft.cooked_mutton":28,"stat.useItem.minecraft.redstone":22,"stat.pickup.mmorpg.randomize_suffix":4,"stat.useItem.minecraft.stone_stairs":11,"stat.killEntity.Horse":1,"stat.pickup.minecraft.stone_stairs":35,"stat.drop.minecraft.snowball":37,"stat.craftItem.minecraft.heavy_weighted_pressure_plate":1,"stat.mineBlock.minecraft.oak_stairs":21,"stat.playOneMinute":2099587,"stat.drop.securitycraft.universal_block_reinforcer_lvl1":1,"stat.craftItem.securitycraft.keypad_item":1,"stat.pickup.securitycraft.camera_monitor":3,"stat.mineBlock.minecraft.ice":3,"stat.fallOneCm":401386,"stat.drop.minecraft.stone":6,"stat.drop.minecraft.gold_ore":1,"stat.craftItem.minecraft.chest":6,"stat.pickup.minecraft.feather":10,"stat.drop.minecraft.bone":3,"stat.useItem.minecraft.furnace":13,"stat.mineBlock.minecraft.gravel":2,"stat.useItem.minecraft.stone_pickaxe":505,"stat.pickup.mmorpg.spell_frostexplosion":1,"stat.craftItem.minecraft.oak_stairs":88,"stat.pickup.mmorpg.spell_acidbolt":4,"stat.craftItem.securitycraft.dirt_mine":4,"stat.pickup.securitycraft.dirt_mine":2,"stat.drop.minecraft.iron_axe":1,"stat.craftItem.patchouli.guide_book":1,"stat.useItem.minecraft.torch":278,"stat.craftItem.minecraft.redstone_block":36,"stat.craftItem.minecraft.stone_stairs":24,"stat.pickup.minecraft.crafting_table":41,"stat.craftItem.minecraft.crafting_table":3,"stat.pickup.minecraft.redstone_block":7,"stat.pickup.minecraft.log":249,"stat.drop.minecraft.planks":235,"stat.pickup.mmorpg.spell_thunderbolt":2,"stat.pickup.minecraft.sapling":8,"stat.craftItem.minecraft.cooked_chicken":10,"stat.sneakTime":220572,"stat.drop.minecraft.bucket":3,"stat.pickup.minecraft.yellow_flower":11,"stat.pickup.minecraft.chest":4,"stat.drop.minecraft.stone_pickaxe":3,"stat.pickup.minecraft.bone":192,"stat.craftItem.packedup.ironbackpack":2,"stat.pickup.minecraft.redstone_torch":1,"stat.drop.minecraft.glowstone_dust":8,"stat.pickup.chisel.planks-oak":1,"stat.pickup.securitycraft.sentry":2,"stat.craftItem.securitycraft.sentry":2,"stat.swimOneCm":192082,"stat.climbOneCm":64475,"stat.craftItem.securitycraft.mine":9,"stat.useItem.minecraft.dirt":726,"stat.drop.securitycraft.camera_monitor":3,"stat.craftItem.minecraft.bone_block":23,"stat.pickup.securitycraft.reinforced_metals":6,"stat.craftItem.minecraft.stone_pickaxe":5,"stat.pickup.minecraft.cobblestone":5208,"stat.drop.chisel.chisel_iron":2,"stat.pickup.minecraft.glass_bottle":2,"stat.drop.minecraft.wheat_seeds":43,"stat.useItem.securitycraft.door_indestructible_iron_item":1,"stat.useItem.minecraft.cooked_beef":45,"stat.pickup.mmorpg.ring/ring4":3,"stat.pickup.mmorpg.ring/ring3":1,"stat.pickup.minecraft.redstone":311,"stat.mineBlock.minecraft.iron_ore":487,"stat.drop.mmorpg.spell_fire_bomb":1,"stat.useItem.minecraft.sign":1,"stat.pickup.mmorpg.ore1":73,"stat.pickup.mmorpg.ore0":85,"stat.pickup.mmorpg.ore3":12,"stat.pickup.minecraft.mutton":46,"stat.pickup.mmorpg.ore2":41,"stat.craftItem.securitycraft.reinforced_dispenser":2,"stat.pickup.mmorpg.runes/voh0":1,"stat.pickup.packedup.obsidianbackpack":2,"stat.pickup.mmorpg.ring/ring0":12,"stat.pickup.mmorpg.ring/ring2":3,"stat.pickup.mmorpg.ring/ring1":4,"stat.craftItem.securitycraft.taser":1,"stat.drop.minecraft.dirt":18,"stat.useItem.mmorpg.staff/staff0":203,"stat.useItem.minecraft.cooked_porkchop":46,"stat.pickup.minecraft.iron_shovel":1,"stat.pickup.minecraft.trapdoor":1,"stat.pickup.minecraft.diamond_shovel":4,"stat.craftItem.minecraft.stone_slab2":0,"stat.craftItem.minecraft.stick":232,"stat.craftItem.minecraft.stone":17,"stat.pickup.minecraft.grass":5,"stat.mineBlock.minecraft.crafting_table":25,"stat.useItem.minecraft.diamond_pickaxe":5,"stat.useItem.minecraft.carrot":3,"stat.useItem.minecraft.bucket":287,"stat.mineBlock.minecraft.planks":43,"stat.drop":220,"stat.killEntity.Sheep":23,"stat.drop.securitycraft.taser":1,"stat.pickup.minecraft.slime_ball":1,"stat.pickup.mmorpg.bracelet/bracelet0":12,"stat.craftItem.minecraft.diamond_pickaxe":1,"stat.pickup.mmorpg.bracelet/bracelet2":1,"stat.craftItem.securitycraft.alarm":1,"stat.pickup.mmorpg.bracelet/bracelet1":2,"stat.pickup.mmorpg.runes/cen2":1,"stat.pickup.securitycraft.taser":1,"stat.craftItem.securitycraft.universal_block_remover":1,"stat.drop.mmorpg.hammer/hammer1":1,"stat.drop.mmorpg.hammer/hammer2":2,"stat.pickup.packedup.goldbackpack":1,"stat.pickup.mmorpg.orb_of_transmutation":3,"stat.pickup.mmorpg.bracelet/bracelet4":1,"stat.pickup.minecraft.gravel":3,"stat.drop.minecraft.cooked_beef":2,"stat.killEntity.Slime":1,"stat.useItem.minecraft.apple":1,"stat.pickup.minecraft.fence":11,"stat.useItem.mmorpg.sword/sword1":14,"stat.pickup.mmorpg.runes/ano1":2,"stat.pickup.mmorpg.runes/ano0":4,"stat.useItem.mmorpg.sword/sword0":480,"stat.useItem.minecraft.stone_axe":345,"stat.craftItem.minecraft.bread":1,"stat.pickup.minecraft.spider_eye":35,"stat.drop.minecraft.bed":3,"stat.useItem.minecraft.cooked_chicken":9,"stat.pickup.minecraft.iron_ore":496,"stat.boatOneCm":118161,"stat.pickup.mmorpg.spell_instantheal":18,"stat.mineBlock.minecraft.stone_stairs":3,"stat.pickup.minecraft.leather":48,"stat.mineBlock.minecraft.furnace":14,"stat.drop.minecraft.water_bucket":1,"stat.pickup.minecraft.reeds":28,"stat.pickup.minecraft.oak_stairs":36,"stat.damageDealt":16381,"stat.craftItem.minecraft.glass":7,"stat.sleepInBed":39,"stat.killEntity.Cow":21,"stat.useItem.minecraft.crafting_table":11,"stat.pickup.securitycraft.alarm":1,"stat.killEntity.Pig":27,"stat.walkOneCm":4063664,"stat.playerKills":17,"stat.pickup.minecraft.stick":71,"stat.pickup.mmorpg.spell_self_regen":10,"stat.craftItem.elevatorid.elevator_white":2,"stat.useItem.minecraft.spruce_boat":3,"stat.pickup.mmorpg.spell_frostbolt":3,"stat.pickup.minecraft.stone":86,"stat.craftItem.securitycraft.cobblestone_mine":1,"stat.mineBlock.minecraft.wool":1,"stat.craftItem.minecraft.redstone":18,"stat.pickup.minecraft.gold_ingot":11,"stat.killEntity.Skeleton":233,"stat.killEntity.Chicken":9,"stat.drop.minecraft.crafting_table":11,"stat.mineBlock.minecraft.redstone_torch":1,"stat.killEntity.Spider":151,"stat.craftItem.mmorpg.modify_station":1,"stat.pickup.minecraft.bread":3,"stat.craftItem.minecraft.fence":45,"stat.pickup.mmorpg.runes/ita0":3,"stat.pickup.minecraft.water_bucket":4,"stat.mineBlock.minecraft.leaves":16,"stat.mineBlock.minecraft.redstone_ore":61,"stat.mineBlock.minecraft.stone":2658}